<?xml version="1.0" encoding="utf-8"?>
<rss version="2.0" xmlns:sparkle="http://www.andymatuschak.org/xml-namespaces/sparkle">
<channel>
    <title>【小狼毫】輸入法更新頻道</title>
    <link>http://rime.github.io/release/weasel/appcast.xml</link>
    <description>小狼毫 Appcast 更新頻道</description>
    <language>zh</language>
    <item>
      <title>小狼毫 0.14.3</title>
      <sparkle:releaseNotesLink>http://rime.github.io/release/weasel/release-notes.html</sparkle:releaseNotesLink>
      <pubDate>Sat, 22 Jun 2019 22:54:50 +0800</pubDate>
      <enclosure url="https://dl.bintray.com/rime/weasel/weasel-0.14.3.0-installer.exe"
                 sparkle:version="0.14.3"
                 type="application/octet-stream"/>
    </item>
  </channel>
</rss>
